{"cameraMode":{"drawMode":0,"name":"Shaded","section":"Shading Mode"},"sceneLighting":true,"audioPlay":false,"sceneViewState":{"showFog":true,"showMaterialUpdate":false,"showSkybox":true,"showFlares":true,"showImageEffects":true,"showParticleSystems":true},"in2DMode":false,"pivot":{"x":-1.583475112915039,"y":5.370649814605713,"z":-2.9262161254882814},"rotation":{"x":-0.046557068824768069,"y":-0.41896092891693118,"z":0.02151254378259182,"w":-0.9065636396408081},"size":23.334524154663087,"orthographic":false}